{"final_evaluation":{"cosine_loss":0.7642558178490236,"cross_entropy_loss":4.165429037285949,"decoded_embeddings":{"us-code-28-2261-f951141375258f4c":[-0.08407090051420116,0.5239819400313654,-0.013714169516932315,-0.07916172938543714,0.5574016888366513,-0.14008592368393163,-0.11626691024173082,-0.0843311416950045],"us-code-38-7611-86b16cddcb722112":[0.012782703780936922,-0.2827984252276482,-0.5378703154750154,-0.199755027132731,0.6456519298082319,-0.2541114189889603,-0.16189957725991258,-0.05381145888644037],"us-code-42-18997.-97a7338bc2101988":[-0.015020939504012426,0.7214101714418029,0.10215383854639415,-0.00966303451057382,0.250623676684597,-0.3807307145074993,-0.1710862113550937,-0.5869336676810488],"us-code-50-4340.-4953d7cd49b50d8a":[-0.4965378913254028,0.23088836691503967,-0.5195096011123891,-0.39696844160363837,-0.021569338616731215,-0.21541354745737207,-0.03376395205003771,-0.47000263883250104]},"embedding_cosine_similarity":0.2357441821509764,"frame_ranking_loss":0.0,"reconstruction_loss":0.41806448029800425,"sample_count":4,"symbolic_validity_penalty":0.0},"steps":[{"after":{"cosine_loss":1.0365595193215102,"cross_entropy_loss":4.165429037285949,"decoded_embeddings":{"us-code-28-2261-f951141375258f4c":[-0.24093480003361215,0.09478932551802477,0.199592912385959,-0.3255399452909754,0.23007289665479583,-0.4165463459974713,-0.41257007749522084,0.6265458776449596],"us-code-38-7611-86b16cddcb722112":[-0.02857377239344955,-0.3959531675917265,-0.48163284287888647,-0.2647115585411853,0.5593531355252015,-0.32699899161465484,-0.24001860218825719,0.13360813608298153],"us-code-42-18997.-97a7338bc2101988":[-0.049527811535890975,0.6269965130321025,0.149077064357223,-0.063861238136405,0.1786179903617796,-0.44154639258180295,-0.2362668903155276,-0.4305551611418056],"us-code-50-4340.-4953d7cd49b50d8a":[-0.4965378913254028,0.23088836691503967,-0.5195096011123891,-0.39696844160363837,-0.021569338616731215,-0.21541354745737207,-0.03376395205003771,-0.47000263883250104]},"embedding_cosine_similarity":-0.03655951932151036,"frame_ranking_loss":0.0,"reconstruction_loss":0.5041381725342914,"sample_count":4,"symbolic_validity_penalty":0.0},"applied_count":1,"applied_updates":[{"action":"improve_encoder_decoder_reconstruction","changed":["decoded_embedding"],"sample_ids":["us-code-50-4340.-4953d7cd49b50d8a"],"todo_id":"a569ac48a70d7c78"}],"autoencoder_claimed_count":6,"before":{"cosine_loss":1.1722033211867,"cross_entropy_loss":4.165429037285949,"decoded_embeddings":{"us-code-28-2261-f951141375258f4c":[-0.3260951980387017,0.20751573717090582,0.26808079545071417,-0.3475524671554957,0.17469739453849698,-0.4084683568227942,-0.42576935070721217,0.7011684196848869],"us-code-38-7611-86b16cddcb722112":[-0.10947923378568523,-0.28885899518869973,-0.4165668743191769,-0.2856242512900995,0.5067444036087757,-0.31932460942987834,-0.2525583896278898,0.20450225277840847],"us-code-42-18997.-97a7338bc2101988":[-0.12177951295705675,0.7226357447385656,0.20718348699121159,-0.08253708036517367,0.1316363611223902,-0.4346928729223798,-0.2474654047592036,-0.3672439771518601],"us-code-50-4340.-4953d7cd49b50d8a":[-0.7798714481929274,0.6059356414077532,-0.2916464632498294,-0.47020537169790516,-0.20580682864112493,-0.18853761147288012,-0.07767869546159648,-0.22172913666538635]},"embedding_cosine_similarity":-0.1722033211866999,"frame_ranking_loss":0.0,"reconstruction_loss":0.5682913050264264,"sample_count":4,"symbolic_validity_penalty":0.0},"claimed_count":6,"claimed_open_count":6,"completed_count":1,"completed_todo_ids":["a569ac48a70d7c78"],"cosine_similarity_delta":0.13564380186518954,"created_at":"2026-05-18T23:38:39+00:00","cross_entropy_delta":0.0,"failed_validation_count":5,"failed_validation_todo_ids":["6714f57f8d05b2b3","c6cd686c69d0c8e7","df6c4c455109de33","f33d0abe8f2395b3","5415e866e3019429"],"improved":true,"iteration":1,"loss_seeded_count":12,"pending_count":75,"program_synthesis_pending_count":9,"program_synthesis_seeded_count":0,"seeded_count":12,"validation_after":{"cosine_loss":0.6690728280497261,"cross_entropy_loss":4.518034422173539,"decoded_embeddings":{"us-code-10-949p-4-8945b888798b473c":[0.31448355887269996,0.5129820405742143,0.0777517530685452,-0.12017934072181444,-0.5796479969195201,-0.22269704341817712,0.24480287919633945,0.5791841417654731],"us-code-2-68f-07c380a79c553542":[0.27957818180501126,-0.20078084951311653,-0.6117011548938819,0.03458450332084309,0.043462175254582694,-0.42579605839766194,0.34530316498659924,-0.05170049798224907],"us-code-26-6324A-7292ab70a283ae2a":[-0.35350587875843986,-0.15413027672205631,-0.23748063904177558,-0.30850993074371225,0.4259017702405495,-0.1284306752155779,0.11734998467579474,0.6459774270678054],"us-code-43-620j.-6f006d5e6d5e090b":[-0.33560949411196034,0.18409638952977567,0.37111686197537586,-0.29558393124102156,0.31182611956144596,-0.3554647396331724,0.07335127693243326,0.1361084535018799]},"embedding_cosine_similarity":0.3309271719502739,"frame_ranking_loss":0.0,"reconstruction_loss":0.2913117599028514,"sample_count":4,"symbolic_validity_penalty":0.0},"validation_before":{"cosine_loss":0.6708712172997784,"cross_entropy_loss":4.518034422173539,"decoded_embeddings":{"us-code-10-949p-4-8945b888798b473c":[0.24365016965581882,0.6067438591973928,0.13471753753418525,-0.1384885732453811,-0.6257073694256186,-0.21597805942205417,0.23382419334344973,0.6412525173072517],"us-code-2-68f-07c380a79c553542":[0.22360623785911243,-0.12669105493653066,-0.5666872747139812,0.020116702925697394,0.007066449388620402,-0.42048677417785846,0.33662790045455665,-0.00265459357126141],"us-code-26-6324A-7292ab70a283ae2a":[-0.43408245616127616,-0.04747144648326951,-0.1726791662892193,-0.3293376125464927,0.3735068949579302,-0.12078748970634923,0.10486117198185171,0.7165833562969908],"us-code-43-620j.-6f006d5e6d5e090b":[-0.40005020078489195,0.26939624483554003,0.42294150918947376,-0.31224076349911256,0.2699235853749635,-0.3493521410180112,0.0633634126988844,0.19257518516858801]},"embedding_cosine_similarity":0.32912878270022167,"frame_ranking_loss":0.0,"reconstruction_loss":0.29295264417256045,"sample_count":4,"symbolic_validity_penalty":0.0},"validation_cosine_similarity_delta":0.0017983892500522125,"validation_cross_entropy_delta":0.0,"worker_id":"random-uscode-daemon-detached"},{"after":{"cosine_loss":0.7642558178490236,"cross_entropy_loss":4.165429037285949,"decoded_embeddings":{"us-code-28-2261-f951141375258f4c":[-0.08407090051420116,0.5239819400313654,-0.013714169516932315,-0.07916172938543714,0.5574016888366513,-0.14008592368393163,-0.11626691024173082,-0.0843311416950045],"us-code-38-7611-86b16cddcb722112":[0.012782703780936922,-0.2827984252276482,-0.5378703154750154,-0.199755027132731,0.6456519298082319,-0.2541114189889603,-0.16189957725991258,-0.05381145888644037],"us-code-42-18997.-97a7338bc2101988":[-0.015020939504012426,0.7214101714418029,0.10215383854639415,-0.00966303451057382,0.250623676684597,-0.3807307145074993,-0.1710862113550937,-0.5869336676810488],"us-code-50-4340.-4953d7cd49b50d8a":[-0.4965378913254028,0.23088836691503967,-0.5195096011123891,-0.39696844160363837,-0.021569338616731215,-0.21541354745737207,-0.03376395205003771,-0.47000263883250104]},"embedding_cosine_similarity":0.2357441821509764,"frame_ranking_loss":0.0,"reconstruction_loss":0.41806448029800425,"sample_count":4,"symbolic_validity_penalty":0.0},"applied_count":2,"applied_updates":[{"action":"improve_encoder_decoder_reconstruction","changed":["decoded_embedding"],"sample_ids":["us-code-28-2261-f951141375258f4c"],"todo_id":"c75efa404284eaa6"},{"action":"improve_encoder_decoder_reconstruction","changed":["decoded_embedding"],"sample_ids":["us-code-28-2261-f951141375258f4c"],"todo_id":"b211d1c6e9cd1576"}],"autoencoder_claimed_count":6,"before":{"cosine_loss":1.0365595193215102,"cross_entropy_loss":4.165429037285949,