{"final_evaluation":{"cosine_loss":0.30342731696368386,"cross_entropy_loss":5.2986568302571735,"decoded_embeddings":{"us-code-12-2121-2f87de947818271b":[-0.4277239449494764,-0.6470469558744378,-0.43333403858016034,0.05668199100206178,-0.3737406232526528,-0.10569214287783552,-0.4715227871812933,-0.1805715432354011],"us-code-29-169-49e017e388633de2":[0.011455761650605079,-0.36257817705639855,-0.20684282794340686,-0.2498126329732336,-0.15005329474440082,-0.0198085699355125,0.09110929089542766,0.11854590778916098],"us-code-33-574a-0dfe7fdc7e73e510":[-0.06050350579481928,-0.015535601453924186,-0.0430670122474954,0.6268752917160678,-0.09272775882604828,-0.43154026879036217,-0.22890601465180965,-0.1299201663911725],"us-code-42-10222.-4e5a89f05abf6e43":[-0.2964628550615436,-0.1058344986323328,-0.3779052527053277,0.09719828133529501,0.18910904961291208,-0.22991591766366143,-0.18693075508413798,-0.213671692608627]},"embedding_cosine_similarity":0.6965726830363161,"frame_ranking_loss":0.0,"reconstruction_loss":0.22946876710506317,"sample_count":4,"symbolic_validity_penalty":0.0},"steps":[{"after":{"cosine_loss":0.7260037587389396,"cross_entropy_loss":5.2986568302571735,"decoded_embeddings":{"us-code-12-2121-2f87de947818271b":[-0.19035678269891276,-0.5470770908003867,-0.16285101493568055,-0.45450184045291125,-0.27295892112961906,0.3483736278375846,-0.47700222393644215,-0.010403150639796476],"us-code-29-169-49e017e388633de2":[0.011455761650605079,-0.36257817705639855,-0.20684282794340686,-0.2498126329732336,-0.15005329474440082,-0.0198085699355125,0.09110929089542766,0.11854590778916098],"us-code-33-574a-0dfe7fdc7e73e510":[-0.06050350579481928,-0.015535601453924186,-0.0430670122474954,0.6268752917160678,-0.09272775882604828,-0.43154026879036217,-0.22890601465180965,-0.1299201663911725],"us-code-42-10222.-4e5a89f05abf6e43":[0.06192376144377909,0.02604415595025722,-0.07677777339281183,0.043297894361992335,0.5031586917121724,-0.2864322579440945,-0.5447582385909814,0.18077578060211225]},"embedding_cosine_similarity":0.27399624126106037,"frame_ranking_loss":0.0,"reconstruction_loss":0.41029544152548053,"sample_count":4,"symbolic_validity_penalty":0.0},"applied_count":2,"applied_updates":[{"action":"improve_encoder_decoder_reconstruction","changed":["decoded_embedding"],"sample_ids":["us-code-29-169-49e017e388633de2"],"todo_id":"40cdf39bfe7215e4"},{"action":"improve_encoder_decoder_reconstruction","changed":["decoded_embedding"],"sample_ids":["us-code-33-574a-0dfe7fdc7e73e510"],"todo_id":"839d634887a17655"}],"autoencoder_claimed_count":6,"before":{"cosine_loss":1.3006054183537232,"cross_entropy_loss":5.2986568302571735,"decoded_embeddings":{"us-code-12-2121-2f87de947818271b":[-0.026053845150295074,-0.3769615842438063,-0.08264338520715747,-0.45473836090749864,-0.10382444258764123,0.4764784145755727,-0.3740105175995115,0.11464873155867328],"us-code-29-169-49e017e388633de2":[0.23082701792400784,-0.31079281085599775,-0.06131004298985673,-0.27251612765112865,0.09410493116246021,0.13566596932998076,0.31857983214681174,0.14146547352178612],"us-code-33-574a-0dfe7fdc7e73e510":[0.315965804087374,0.5279612293315565,0.10701494768370562,0.6459584422681035,0.27873868986782274,-0.12436680108829837,-0.07177876089430857,0.2828828958893588],"us-code-42-10222.-4e5a89f05abf6e43":[0.22814978011014853,0.19968387484073505,0.004032533148500328,0.04325434666907056,0.6741124853225365,-0.15669197105581117,-0.44134760778775906,0.3085507520576386]},"embedding_cosine_similarity":-0.3006054183537233,"frame_ranking_loss":0.0,"reconstruction_loss":0.6276589338389563,"sample_count":4,"symbolic_validity_penalty":0.0},"claimed_count":6,"claimed_open_count":10,"completed_count":2,"completed_todo_ids":["40cdf39bfe7215e4","839d634887a17655"],"cosine_similarity_delta":0.5746016596147836,"created_at":"2026-05-19T08:24:52+00:00","cross_entropy_delta":0.0,"failed_validation_count":4,"failed_validation_todo_ids":["0abeb23f407468b1","1ee466a7a5eb8396","29e4a69ea60f2baa","f435e982d66b7470"],"improved":true,"iteration":1,"loss_seeded_count":12,"pending_count":489,"program_synthesis_deduped_count":2,"program_synthesis_pending_count":27,"program_synthesis_seeded_count":2,"seeded_count":14,"validation_after":{"cosine_loss":0.8730192685370919,"cross_entropy_loss":3.682883761957271,"decoded_embeddings":{"us-code-26-4254-c9c2bb9c8cd775e9":[-0.175641791926611,0.42634003109596424,0.06810532479188292,-0.3015243359680222,-0.3476289139734099,0.0510607153345658,-0.44590519164199377,0.11999989544138058],"us-code-28-2102-1f2e38b59dcc287b":[0.28820261208639164,-0.17715834655690244,0.05888809410518492,0.28138409608558446,0.2519522891089235,-0.4981963031276344,-0.15321679683301231,0.20774368011843014],"us-code-31-782-30066f8c8bc5f8a1":[0.42008017806707965,-0.1591224072130973,0.4130666273791176,-0.4427117075829843,0.391373328751312,-0.19477652950998647,-0.6599637658733919,0.06566535444708743],"us-code-40-603-53e65bfc3fd4f7f5":[-0.016018913205424146,0.23798776934308147,0.3624154010146876,-0.04218604554006515,-0.08454591705120713,0.22312763763900653,-0.5362191891402759,0.18315764526720435]},"embedding_cosine_similarity":0.12698073146290811,"frame_ranking_loss":0.0,"reconstruction_loss":0.3374278723398975,"sample_count":4,"symbolic_validity_penalty":0.0},"validation_before":{"cosine_loss":0.9271823902106832,"cross_entropy_loss":3.682883761957271,"decoded_embeddings":{"us-code-26-4254-c9c2bb9c8cd775e9":[-0.021121880693745543,0.5860099819258227,0.14360655668899147,-0.30178717465022925,-0.18853205469700196,0.17150971706678725,-0.34888353751358797,0.23734591516522519],"us-code-28-2102-1f2e38b59dcc287b":[0.4413312688032037,-0.01513035492011261,0.13287738292236007,0.28160824240317356,0.40921976994768383,-0.3784948333752122,-0.059016025918910475,0.32715124140260243],"us-code-31-782-30066f8c8bc5f8a1":[0.5895763428845017,0.024730273450462987,0.4939765583184456,-0.44188829679123226,0.5649795157007679,-0.061880480279025124,-0.5580058634859008,0.20153765456321873],"us-code-40-603-53e65bfc3fd4f7f5":[0.15850345806228228,0.42767069480220554,0.44564167910000874,-0.04128991567732744,0.09416879379122665,0.35999814505263966,-0.43143193648205647,0.32336985580575056]},"embedding_cosine_similarity":0.07281760978931688,"frame_ranking_loss":0.0,"reconstruction_loss":0.37966705674701495,"sample_count":4,"symbolic_validity_penalty":0.0},"validation_cosine_similarity_delta":0.05416312167359123,"validation_cross_entropy_delta":0.0,"worker_id":"random-uscode-daemon-detached"},{"after":{"cosine_loss":0.30342731696368386,"cross_entropy_loss":5.2986568302571735,"decoded_embeddings":{"us-code-12-2121-2f87de947818271b":[-0.4277239449494764,-0.6470469558744378,-0.43333403858016034,0.05668199100206178,-0.3737406232526528,-0.10569214287783552,-0.4715227871812933,-0.1805715432354011],"us-code-29-169-49e017e388633de2":[0.011455761650605079,-0.36257817705639855,-0.20684282794340686,-0.2498126329732336,-0.15005329474440082,-0.0198085699355125,0.09110929089542766,0.11854590778916098],"us-code-33-574a-0dfe7fdc7e73e510":[-0.06050350579481928,-0.015535601453924186,-0.0430670122474954,0.6268752917160678,-0.09272775882604828,-0.43154026879036217,-0.22890601465180965,-0.1299201663911725],"us-code-42-10222.-4e5a89f05abf6e43":[-0.2964628550615436,-0.1058344986323328,-0.3779052527053277,0.09719828133529501,0.18910904961291208,-0.22991591766366143,-0.18693075508413798,-0.213671692608627]},"embedding_cosine_similarity":0.6965726830363161,"frame_ranking_loss":0.0,"reconstruction_loss":0.22946876710506317,"sample_count":4,"symbolic_validity_penalty":0.0},"applied_count":2,"applied_updates":[{"action":"improve_encoder_decoder_reconstruction","changed":["decoded_embedding"],"sample_ids":["us-code-42-10222.-4e5a89f05abf6e43"],"todo_id":"aff4d260adaabc62"},{"action":"improve_encoder_decoder_reconstruction","changed":["decoded_embedding"],"sample_ids":["us-code-12-2121-2f87de947818271b"],"todo_id":"c1df0af8375f39b1"}],"autoencoder_claimed_count":6,"before":{"cosine_loss":0.7260037587389396,