{"final_evaluation":{"cosine_loss":0.8728942878376663,"cross_entropy_loss":3.154722755350768,"decoded_embeddings":{"us-code-15-1644-9e552b71b349501b":[-0.04647522802914961,-0.5586597104143732,0.18773958572762678,0.1414710207419279,-0.14535646339378272,0.11548385887017432,-0.377241324356316,0.4765412832348014],"us-code-25-139-d7777f253f3394b8":[0.11719415449045498,-0.0003450053890373707,-0.046146357193457,0.6704044747163508,-0.14452372259676294,-0.591046965777976,0.05470749120647955,-0.06522344142753828],"us-code-42-12831.-5dbec54018367872":[0.07078501367514567,0.4472055484916323,-0.8714605541206012,0.12012448493914554,0.40040046829550857,-0.35699983564847493,-0.05310567987908603,-0.2310381198905455],"us-code-42-14181.-f1f26122797497bd":[0.31145248162643413,-0.7095846714925713,0.11899831168941594,0.10765327341155984,0.1944829916402563,-0.21383905794058644,0.36821954015661096,0.4758599518999579]},"embedding_cosine_similarity":0.1271057121623337,"frame_ranking_loss":0.0,"reconstruction_loss":0.460755432871741,"sample_count":4,"symbolic_validity_penalty":0.0},"steps":[{"after":{"cosine_loss":0.8728942878376663,"cross_entropy_loss":3.154722755350768,"decoded_embeddings":{"us-code-15-1644-9e552b71b349501b":[-0.04647522802914961,-0.5586597104143732,0.18773958572762678,0.1414710207419279,-0.14535646339378272,0.11548385887017432,-0.377241324356316,0.4765412832348014],"us-code-25-139-d7777f253f3394b8":[0.11719415449045498,-0.0003450053890373707,-0.046146357193457,0.6704044747163508,-0.14452372259676294,-0.591046965777976,0.05470749120647955,-0.06522344142753828],"us-code-42-12831.-5dbec54018367872":[0.07078501367514567,0.4472055484916323,-0.8714605541206012,0.12012448493914554,0.40040046829550857,-0.35699983564847493,-0.05310567987908603,-0.2310381198905455],"us-code-42-14181.-f1f26122797497bd":[0.31145248162643413,-0.7095846714925713,0.11899831168941594,0.10765327341155984,0.1944829916402563,-0.21383905794058644,0.36821954015661096,0.4758599518999579]},"embedding_cosine_similarity":0.1271057121623337,"frame_ranking_loss":0.0,"reconstruction_loss":0.460755432871741,"sample_count":4,"symbolic_validity_penalty":0.0},"applied_count":0,"applied_updates":[],"autoencoder_claimed_count":6,"before":{"cosine_loss":0.8728942878376663,"cross_entropy_loss":3.154722755350768,"decoded_embeddings":{"us-code-15-1644-9e552b71b349501b":[-0.04647522802914961,-0.5586597104143732,0.18773958572762678,0.1414710207419279,-0.14535646339378272,0.11548385887017432,-0.377241324356316,0.4765412832348014],"us-code-25-139-d7777f253f3394b8":[0.11719415449045498,-0.0003450053890373707,-0.046146357193457,0.6704044747163508,-0.14452372259676294,-0.591046965777976,0.05470749120647955,-0.06522344142753828],"us-code-42-12831.-5dbec54018367872":[0.07078501367514567,0.4472055484916323,-0.8714605541206012,0.12012448493914554,0.40040046829550857,-0.35699983564847493,-0.05310567987908603,-0.2310381198905455],"us-code-42-14181.-f1f26122797497bd":[0.31145248162643413,-0.7095846714925713,0.11899831168941594,0.10765327341155984,0.1944829916402563,-0.21383905794058644,0.36821954015661096,0.4758599518999579]},"embedding_cosine_similarity":0.1271057121623337,"frame_ranking_loss":0.0,"reconstruction_loss":0.460755432871741,"sample_count":4,"symbolic_validity_penalty":0.0},"claimed_count":6,"claimed_open_count":5,"completed_count":0,"completed_todo_ids":[],"cosine_similarity_delta":0.0,"created_at":"2026-05-19T15:55:32+00:00","cross_entropy_delta":0.0,"failed_validation_count":6,"failed_validation_todo_ids":["3310e86e1e384d27","572a846a5cf2f282","66d42d3a01935361","795dae82e7e93bec","4d24335aaf647a46","a59bb1771497afe6"],"improved":false,"iteration":1,"loss_seeded_count":12,"pending_count":2224,"program_synthesis_deduped_count":2,"program_synthesis_pending_count":4,"program_synthesis_seeded_count":2,"seeded_count":14,"validation_after":{"cosine_loss":0.7227617725454469,"cross_entropy_loss":6.069775463793185,"decoded_embeddings":{"us-code-20-6847-1abdf4014e9041a7":[0.30515854929942315,-0.4658416176427313,0.004977205073144614,0.11051470137516661,0.037060193729205104,-0.40494581690832615,-0.07221542310004447,-0.3618408344504485],"us-code-22-236-13eed487e05248e5":[-0.03957327516507869,-0.36267728450680514,-0.3632497606690518,0.4637709440533002,0.05559361585996517,-0.24753215383248608,-0.3045510718994225,-0.4516345520593498],"us-code-26-3306-fa25f2932f3c446a":[0.20661196973783502,-0.5104082910253009,0.16713267106059498,-0.1857867927809151,0.006518420665210217,-0.3030523706982719,0.059594426703321435,-0.3281874912323116],"us-code-42-10172a.-f77ecc52eb9ce997":[-0.12098871967438596,-0.40559238638737205,-0.622083739467927,0.06393015165679497,-0.024140868122664555,-0.10351564294038701,0.037678244727381405,0.2464975212931778]},"embedding_cosine_similarity":0.277238227454553,"frame_ranking_loss":0.0,"reconstruction_loss":0.3267316311023246,"sample_count":4,"symbolic_validity_penalty":0.0},"validation_before":{"cosine_loss":0.7227617725454469,"cross_entropy_loss":6.069775463793185,"decoded_embeddings":{"us-code-20-6847-1abdf4014e9041a7":[0.30515854929942315,-0.4658416176427313,0.004977205073144614,0.11051470137516661,0.037060193729205104,-0.40494581690832615,-0.07221542310004447,-0.3618408344504485],"us-code-22-236-13eed487e05248e5":[-0.03957327516507869,-0.36267728450680514,-0.3632497606690518,0.4637709440533002,0.05559361585996517,-0.24753215383248608,-0.3045510718994225,-0.4516345520593498],"us-code-26-3306-fa25f2932f3c446a":[0.20661196973783502,-0.5104082910253009,0.16713267106059498,-0.1857867927809151,0.006518420665210217,-0.3030523706982719,0.059594426703321435,-0.3281874912323116],"us-code-42-10172a.-f77ecc52eb9ce997":[-0.12098871967438596,-0.40559238638737205,-0.622083739467927,0.06393015165679497,-0.024140868122664555,-0.10351564294038701,0.037678244727381405,0.2464975212931778]},"embedding_cosine_similarity":0.277238227454553,"frame_ranking_loss":0.0,"reconstruction_loss":0.3267316311023246,"sample_count":4,"symbolic_validity_penalty":0.0},"validation_cosine_similarity_delta":0.0,"validation_cross_entropy_delta":0.0,"worker_id":"random-uscode-daemon-detached"}],"stopped_reason":"no_validated_improvement","validation_final_evaluation":{"cosine_loss":0.7227617725454469,"cross_entropy_loss":6.069775463793185,"decoded_embeddings":{"us-code-20-6847-1abdf4014e9041a7":[0.30515854929942315,-0.4658416176427313,0.004977205073144614,0.11051470137516661,0.037060193729205104,-0.40494581690832615,-0.07221542310004447,-0.3618408344504485],"us-code-22-236-13eed487e05248e5":[-0.03957327516507869,-0.36267728450680514,-0.3632497606690518,0.4637709440533002,0.05559361585996517,-0.24753215383248608,-0.3045510718994225,-0.4516345520593498],"us-code-26-3306-fa25f2932f3c446a":[0.20661196973783502,-0.5104082910253009,0.16713267106059498,-0.1857867927809151,0.006518420665210217,-0.3030523706982719,0.059594426703321435,-0.3281874912323116],"us-code-42-10172a.-f77ecc52eb9ce997":[-0.12098871967438596,-0.40559238638737205,-0.622083739467927,0.06393015165679497,-0.024140868122664555,-0.10351564294038701,0.037678244727381405,0.2464975212931778]},"embedding_cosine_similarity":0.277238227454553,"frame_ranking_loss":0.0,"reconstruction_loss":0.3267316311023246,"sample_count":4,"symbolic_validity_penalty":0.0}}
