{"final_evaluation":{"cosine_loss":0.923725368521765,"cross_entropy_loss":3.0036429524884554,"decoded_embeddings":{"us-code-16-459c-11acf2f37f78bb4a":[-0.09204815120447819,0.4194010905820298,-0.008071352996026182,0.0033181871011959234,-0.18580174631374224,-0.5725191723494599,-0.20292851309226134,0.11826232366383327],"us-code-22-290k-2-048d48fdd7ec7c99":[0.023643484837458664,0.151571834343554,-0.1872073452572459,-0.054503648141284756,-0.0893498685875657,-0.2145600198654946,0.4936852175955605,0.07230899402055962],"us-code-42-3534.-fc6519691e1810d1":[-0.04734561308807894,-0.06761475973546716,-0.0603277649300894,0.04678865662732515,-0.13604530573982193,-0.028266088076653983,-0.19014877302289507,-0.18766109616962934],"us-code-44-3107.-c4c2e95d6a8e6148":[-0.12621581369361273,0.5255647571839139,-0.43088827802842206,-0.005769684238135231,0.021649564079941397,-0.08722620968823569,-0.14301031975069334,-0.2703817752813676]},"embedding_cosine_similarity":0.07627463147823506,"frame_ranking_loss":0.0,"reconstruction_loss":0.2757259476072181,"sample_count":4,"symbolic_validity_penalty":0.0},"steps":[{"after":{"cosine_loss":1.0673037384911113,"cross_entropy_loss":3.0036429524884554,"decoded_embeddings":{"us-code-16-459c-11acf2f37f78bb4a":[-0.09204815120447819,0.4194010905820298,-0.008071352996026182,0.0033181871011959234,-0.18580174631374224,-0.5725191723494599,-0.20292851309226134,0.11826232366383327],"us-code-22-290k-2-048d48fdd7ec7c99":[0.03948875454573697,0.1664095210351734,-0.10816814777199343,0.06902184014454427,-0.16477539868702973,-0.0869160100169739,0.4168563117681645,0.0007690291973705965],"us-code-42-3534.-fc6519691e1810d1":[-0.025301320921960746,-0.04697223950569185,0.049633327182475206,0.2186400674185587,-0.24097898329207296,0.14931510165125494,-0.2970348581475592,-0.2871890887598896],"us-code-44-3107.-c4c2e95d6a8e6148":[-0.07022271337478883,0.577997318744483,-0.15158412004372623,0.4307375627105612,-0.24488482449239785,0.3638348312488682,-0.41450387653952825,-0.5231855773559502]},"embedding_cosine_similarity":-0.06730373849111129,"frame_ranking_loss":0.0,"reconstruction_loss":0.3720189894283233,"sample_count":4,"symbolic_validity_penalty":0.0},"applied_count":1,"applied_updates":[{"action":"improve_encoder_decoder_reconstruction","changed":["decoded_embedding"],"sample_ids":["us-code-16-459c-11acf2f37f78bb4a"],"todo_id":"9818236c83f9f04d"}],"autoencoder_claimed_count":5,"before":{"cosine_loss":1.1998567328393541,"cross_entropy_loss":3.0036429524884554,"decoded_embeddings":{"us-code-16-459c-11acf2f37f78bb4a":[-0.09709523262227415,0.613622062433892,-0.3605506199938864,-0.02617432753662165,-0.15671068663652654,-0.4747120343837845,0.18895274908882864,-0.3056138866710257],"us-code-22-290k-2-048d48fdd7ec7c99":[0.037777187815231095,0.23227375548481796,-0.22770095032584567,0.0590203357750965,-0.15491003576200962,-0.05374764408616459,0.5497511226766626,-0.14297591157254835],"us-code-42-3534.-fc6519691e1810d1":[-0.026711623101725424,0.00729878116635041,-0.04885969034962606,0.21039899614639804,-0.2328500902788201,0.1766452769448741,-0.187531770617766,-0.4056325006846124],"us-code-44-3107.-c4c2e95d6a8e6148":[-0.07159400719638975,0.6307672260787881,-0.24735286262281192,0.4227244359629497,-0.2369807732007881,0.39040906552372767,-0.3080295978137506,-0.6383528949082871]},"embedding_cosine_similarity":-0.19985673283935418,"frame_ranking_loss":0.0,"reconstruction_loss":0.44725384024795545,"sample_count":4,"symbolic_validity_penalty":0.0},"claimed_count":5,"claimed_open_count":20,"completed_count":1,"completed_todo_ids":["9818236c83f9f04d"],"cosine_similarity_delta":0.1325529943482429,"created_at":"2026-05-18T23:31:33+00:00","cross_entropy_delta":0.0,"failed_validation_count":4,"failed_validation_todo_ids":["a441f027110ab1b2","d12b5990161b6faf","f3a9f64e9ab15326","fd32cf373326ac74"],"improved":true,"iteration":1,"loss_seeded_count":12,"pending_count":681,"program_synthesis_pending_count":141,"program_synthesis_seeded_count":4,"seeded_count":16,"validation_after":{"cosine_loss":0.9816267824969993,"cross_entropy_loss":2.1550343462209405,"decoded_embeddings":{"us-code-10-8875-ef8f4ccd6dbc7d13":[0.2519821299745032,0.15384752828358716,0.36018252075614576,0.14159007155110312,0.1610586186121155,-0.24668103444628803,-0.30032472133538807,0.6395698966728607],"us-code-29-1843-f9cbd8afa294315c":[0.6087105546040225,0.7481657912701609,0.08620268459531394,0.09506726676862068,-0.3783486326502806,-0.373896047168676,-0.12548708622433424,-0.20416894277773856],"us-code-40-622-6ee07ead0a803a9d":[-0.526129677683264,0.7777973746764724,0.030166214224279564,0.5281288838973973,-0.2778425127507125,0.09280213582944925,-0.3766189661216567,0.732650459650589],"us-code-44-3509.-0e1861463a8dad08":[0.33826969899115056,0.15807101451837036,0.39368265357291576,-0.02940631309911204,-0.6749357580880433,0.2718536311446735,-0.3908510082359745,0.00432732904988592]},"embedding_cosine_similarity":0.018373217503000736,"frame_ranking_loss":0.0,"reconstruction_loss":0.4928579397983489,"sample_count":4,"symbolic_validity_penalty":0.0},"validation_before":{"cosine_loss":0.9837502130022844,"cross_entropy_loss":2.1550343462209405,"decoded_embeddings":{"us-code-10-8875-ef8f4ccd6dbc7d13":[0.2505208168648322,0.210081543320363,0.2581269898239472,0.13305091897760898,0.16948153541520944,-0.21836232089736773,-0.18686088383111282,0.5168423613380948],"us-code-29-1843-f9cbd8afa294315c":[0.6072408396941316,0.8047231230258338,-0.016439613249841722,0.08647901845137751,-0.3698772883994482,-0.34541451555417674,-0.011370889900732706,-0.3276020984388645],"us-code-40-622-6ee07ead0a803a9d":[-0.5277086159960134,0.8385578237778099,-0.0801040534893197,0.5189023909114165,-0.2687416116792791,0.12340030229647564,-0.25402210514681156,0.6000442397467822],"us-code-44-3509.-0e1861463a8dad08":[0.3368587966827987,0.21236512924176254,0.29514772411846046,-0.03765089121011195,-0.6668034059713804,0.29919543630011974,-0.2813013236476579,-0.11416648432671972]},"embedding_cosine_similarity":0.01624978699771556,"frame_ranking_loss":0.0,"reconstruction_loss":0.4874487797951271,"sample_count":4,"symbolic_validity_penalty":0.0},"validation_cosine_similarity_delta":0.002123430505285174,"validation_cross_entropy_delta":0.0,"worker_id":"random-uscode-daemon-detached"},{"after":{"cosine_loss":0.923725368521765,"cross_entropy_loss":3.0036429524884554,"decoded_embeddings":{"us-code-16-459c-11acf2f37f78bb4a":[-0.09204815120447819,0.4194010905820298,-0.008071352996026182,0.0033181871011959234,-0.18580174631374224,-0.5725191723494599,-0.20292851309226134,0.11826232366383327],"us-code-22-290k-2-048d48fdd7ec7c99":[0.023643484837458664,0.151571834343554,-0.1872073452572459,-0.054503648141284756,-0.0893498685875657,-0.2145600198654946,0.4936852175955605,0.07230899402055962],"us-code-42-3534.-fc6519691e1810d1":[-0.04734561308807894,-0.06761475973546716,-0.0603277649300894,0.04678865662732515,-0.13604530573982193,-0.028266088076653983,-0.19014877302289507,-0.18766109616962934],"us-code-44-3107.-c4c2e95d6a8e6148":[-0.12621581369361273,0.5255647571839139,-0.43088827802842206,-0.005769684238135231,0.021649564079941397,-0.08722620968823569,-0.14301031975069334,-0.2703817752813676]},"embedding_cosine_similarity":0.07627463147823506,"frame_ranking_loss":0.0,"reconstruction_loss":0.2757259476072181,"sample_count":4,"symbolic_validity_penalty":0.0},"applied_count":1,"applied_updates":[{"action":"improve_encoder_decoder_reconstruction","changed":["decoded_embedding"],"sample_ids":["us-code-44-3107.-c4c2e95d6a8e6148"],"todo_id":"a81cc9b79a590373"}],"autoencoder_claimed_count":5,"before":{"cosine_loss":1.0673037384911113,"cross_entropy_loss":3.0036429524884554,"decoded_embeddings":{"us-code-16-459c-11acf2f37f78bb4a":[-0.09204815120447819,0.4194010905820298,-0.008071352996026182,0.0033181871011959234,-0.18580174631374224,-0.5725191723494599,-0.20292851309226134,0.11826232366383327],