{"final_evaluation":{"cosine_loss":0.44034935601124225,"cross_entropy_loss":4.704250106131582,"decoded_embeddings":{"us-code-42-4370h.-614805c5c781472b":[0.28895480440387267,0.6584526688159615,-0.33791027238095506,0.418477779704881,-0.20286571445297966,0.23263916489825537,-0.11581809285110324,-0.27325988764111087],"us-code-42-9662.-b4bf10b9fccf484d":[-0.03262661424340074,0.0974610949350709,-0.3010915992510012,-0.3023149051405179,0.37501365707774853,0.22919721202635676,-0.17043991164559152,-0.2665972986784022],"us-code-49-14711.-001d1a376d73e0a7":[0.02542850965828254,0.5473885897482498,-0.026511520729885718,-0.19497502361308555,-0.07935881727485938,0.04182466737364876,0.22784123242524942,0.4473256744717561],"us-code-50-3108.-c6519ef36e333fc6":[-0.03971530443347304,-0.199202949502139,-0.24473857717426228,0.18782105215992706,0.23705463511869534,0.7745948954133699,0.19368168590225743,0.09816799216724353]},"embedding_cosine_similarity":0.5596506439887577,"frame_ranking_loss":0.0,"reconstruction_loss":0.2519398311446281,"sample_count":4,"symbolic_validity_penalty":0.0},"steps":[{"after":{"cosine_loss":0.8253133618594194,"cross_entropy_loss":4.704250106131582,"decoded_embeddings":{"us-code-42-4370h.-614805c5c781472b":[0.28895480440387267,0.6584526688159615,-0.33791027238095506,0.418477779704881,-0.20286571445297966,0.23263916489825537,-0.11581809285110324,-0.27325988764111087],"us-code-42-9662.-b4bf10b9fccf484d":[-0.3365755603744627,0.008149222977032161,-0.581452152693848,0.0377176843992032,0.05750908781192086,0.09556517234824116,-0.1327610179162947,-0.6694873056590803],"us-code-49-14711.-001d1a376d73e0a7":[0.02542850965828254,0.5473885897482498,-0.026511520729885718,-0.19497502361308555,-0.07935881727485938,0.04182466737364876,0.22784123242524942,0.4473256744717561],"us-code-50-3108.-c6519ef36e333fc6":[-0.7135229253488881,0.08928019327241687,-0.09887909527606087,0.3812158449522491,0.22950795053527862,0.9729551104834426,-0.16227418069900867,0.2577943374186828]},"embedding_cosine_similarity":0.17468663814058058,"frame_ranking_loss":0.0,"reconstruction_loss":0.44840296937394,"sample_count":4,"symbolic_validity_penalty":0.0},"applied_count":2,"applied_updates":[{"action":"improve_encoder_decoder_reconstruction","changed":["decoded_embedding"],"sample_ids":["us-code-49-14711.-001d1a376d73e0a7"],"todo_id":"31739ad1a7aaa14a"},{"action":"improve_encoder_decoder_reconstruction","changed":["decoded_embedding"],"sample_ids":["us-code-42-4370h.-614805c5c781472b"],"todo_id":"3ddfddea98c8032e"}],"autoencoder_claimed_count":6,"before":{"cosine_loss":1.206788625390303,"cross_entropy_loss":4.704250106131582,"decoded_embeddings":{"us-code-42-4370h.-614805c5c781472b":[0.39769778119645127,0.734476043227715,-0.34172609209185445,0.8067402435415955,-0.005127529155531274,-0.24624396158869233,-0.013237553315370541,-0.11372388651263304],"us-code-42-9662.-b4bf10b9fccf484d":[-0.30921823976541063,0.03974902246273823,-0.5360661697964713,0.2066801416098838,0.18605827933351765,-0.10623089470487877,-0.1127556030529718,-0.6440592581330948],"us-code-49-14711.-001d1a376d73e0a7":[-0.020227369756488388,0.6026732919203843,0.29908566041556045,0.1403459636721761,0.38851374265406247,-0.32560497327130966,0.1442150498849991,0.27752596072577856],"us-code-50-3108.-c6519ef36e333fc6":[-0.6875922668604723,0.1215661638964525,-0.04718792447052744,0.5547054058137083,0.36609857423939257,0.7664663992500426,-0.1443975941702922,0.2791443050028213]},"embedding_cosine_similarity":-0.2067886253903031,"frame_ranking_loss":0.0,"reconstruction_loss":0.6051126844646654,"sample_count":4,"symbolic_validity_penalty":0.0},"claimed_count":6,"claimed_open_count":4,"completed_count":2,"completed_todo_ids":["31739ad1a7aaa14a","3ddfddea98c8032e"],"cosine_similarity_delta":0.3814752635308837,"created_at":"2026-05-19T00:33:24+00:00","cross_entropy_delta":0.0,"failed_validation_count":4,"failed_validation_todo_ids":["51ba92447070eae5","8bf8ccc92c80c671","d6e6637e41accf9a","e9ea1e69bcb47a97"],"improved":true,"iteration":1,"loss_seeded_count":12,"pending_count":471,"program_synthesis_pending_count":3,"program_synthesis_seeded_count":0,"seeded_count":12,"validation_after":{"cosine_loss":1.054610533913754,"cross_entropy_loss":6.500060071238272,"decoded_embeddings":{"us-code-10-7101-17f24469b341f8db":[-0.45444983774263165,-0.23395664854351492,0.23764395161232132,-0.09668216737641455,-0.10467507504222663,0.2272237283355661,-0.17437592521245746,-0.27701807466211115],"us-code-33-420-22da93d85f0ca045":[-0.18037996952418073,-0.43752052133041225,-0.4172764096305428,0.3838720825049098,0.27577034990997934,0.6645204698348349,0.35952086882907136,0.19698274110346708],"us-code-33-909-b02c5c2ab4ee3c41":[-0.626720978503515,-0.1553226446655441,-0.1575356022785048,0.15438745773283782,-0.5044599689081175,0.7336007393578508,-0.22586622693811997,-0.006661079440725845],"us-code-49-31306.-403936d815a0e32e":[-0.4114933608827236,0.6632928785912029,0.19401266733341282,0.5753128761752395,0.33122610331835434,0.11356729945437932,0.007306861432746104,0.11894318394032755]},"embedding_cosine_similarity":-0.05461053391375384,"frame_ranking_loss":0.0,"reconstruction_loss":0.49911239151985226,"sample_count":4,"symbolic_validity_penalty":0.0},"validation_before":{"cosine_loss":1.0754271740322157,"cross_entropy_loss":6.500060071238272,"decoded_embeddings":{"us-code-10-7101-17f24469b341f8db":[-0.42971084905146395,-0.20387249386029066,0.2842916404506919,0.06473094029516835,0.021102016879997413,0.03490568340162649,-0.15698690077067337,-0.25580260153596873],"us-code-33-420-22da93d85f0ca045":[-0.158184011719691,-0.4091150123581212,-0.3701708640598721,0.5367723720433224,0.39754996687187133,0.48275465198741024,0.37446483142731235,0.21435037262575807],"us-code-33-909-b02c5c2ab4ee3c41":[-0.6052165690487887,-0.12383539941093896,-0.09715961550450156,0.32519240419278683,-0.3614152160431373,0.5316383214436594,-0.21323277499621318,0.005488375717208116],"us-code-49-31306.-403936d815a0e32e":[-0.3886054113656674,0.7013639679935508,0.27520802628197394,0.7831544284719713,0.5122686889255368,-0.13110330157362024,0.01863320845592021,0.1265000840503866]},"embedding_cosine_similarity":-0.07542717403221555,"frame_ranking_loss":0.0,"reconstruction_loss":0.5048410989843305,"sample_count":4,"symbolic_validity_penalty":0.0},"validation_cosine_similarity_delta":0.02081664011846171,"validation_cross_entropy_delta":0.0,"worker_id":"random-uscode-daemon-detached"},{"after":{"cosine_loss":0.44034935601124225,"cross_entropy_loss":4.704250106131582,"decoded_embeddings":{"us-code-42-4370h.-614805c5c781472b":[0.28895480440387267,0.6584526688159615,-0.33791027238095506,0.418477779704881,-0.20286571445297966,0.23263916489825537,-0.11581809285110324,-0.27325988764111087],"us-code-42-9662.-b4bf10b9fccf484d":[-0.03262661424340074,0.0974610949350709,-0.3010915992510012,-0.3023149051405179,0.37501365707774853,0.22919721202635676,-0.17043991164559152,-0.2665972986784022],"us-code-49-14711.-001d1a376d73e0a7":[0.02542850965828254,0.5473885897482498,-0.026511520729885718,-0.19497502361308555,-0.07935881727485938,0.04182466737364876,0.22784123242524942,0.4473256744717561],"us-code-50-3108.-c6519ef36e333fc6":[-0.03971530443347304,-0.199202949502139,-0.24473857717426228,0.18782105215992706,0.23705463511869534,0.7745948954133699,0.19368168590225743,0.09816799216724353]},"embedding_cosine_similarity":0.5596506439887577,"frame_ranking_loss":0.0,"reconstruction_loss":0.2519398311446281,"sample_count":4,"symbolic_validity_penalty":0.0},"applied_count":2,"applied_updates":[{"action":"improve_encoder_decoder_reconstruction","changed":["decoded_embedding"],"sample_ids":["us-code-42-9662.-b4bf10b9fccf484d"],"todo_id":"eeb74c669fc7d132"},{"action":"improve_encoder_decoder_reconstruction","changed":["decoded_embedding"],"sample_ids":["us-code-50-3108.-c6519ef36e333fc6"],"todo_id":"fe6d6f7e2821b471"}],"autoencoder_claimed_count":6,"before":{"cosine_loss":0.8253133618594194,"cross_entropy_loss":4.704250106131582,