{"final_evaluation":{"cosine_loss":0.8091962395900901,"cross_entropy_loss":4.734104030048941,"decoded_embeddings":{"us-code-12-2219d-4c93c712377e3662":[-0.28920938115530603,-0.5855842200427123,0.14078966777518095,-0.2216172164229032,-0.3084508442718715,0.05696617283444243,-0.09853302342797446,-0.1491355609043143],"us-code-15-1003-94a25e7ba0ef87b3":[0.05512947486274174,-0.1180486705777196,0.2136711728784049,-0.7998742260404942,-0.6528442066301627,0.15236202114938752,0.18612298840497282,0.5459293855247026],"us-code-19-2272-f346cf48599e7d05":[-0.11848827635446653,-0.33807605732239127,0.5650004073551319,-0.349669385310543,-0.07498522065921323,-0.3463216713453436,-0.0586055034963579,-0.08058640815751927],"us-code-25-3108-80189a70ec32b32b":[-0.13971623232686275,0.24073776081352882,-0.1362079028506937,0.2650502193784735,-0.09016299173532226,-0.0867454297065311,0.59012642658351,0.3176180006984009]},"embedding_cosine_similarity":0.19080376040990987,"frame_ranking_loss":0.0,"reconstruction_loss":0.32976746823650543,"sample_count":4,"symbolic_validity_penalty":0.0},"steps":[{"after":{"cosine_loss":0.8091962395900901,"cross_entropy_loss":4.734104030048941,"decoded_embeddings":{"us-code-12-2219d-4c93c712377e3662":[-0.28920938115530603,-0.5855842200427123,0.14078966777518095,-0.2216172164229032,-0.3084508442718715,0.05696617283444243,-0.09853302342797446,-0.1491355609043143],"us-code-15-1003-94a25e7ba0ef87b3":[0.05512947486274174,-0.1180486705777196,0.2136711728784049,-0.7998742260404942,-0.6528442066301627,0.15236202114938752,0.18612298840497282,0.5459293855247026],"us-code-19-2272-f346cf48599e7d05":[-0.11848827635446653,-0.33807605732239127,0.5650004073551319,-0.349669385310543,-0.07498522065921323,-0.3463216713453436,-0.0586055034963579,-0.08058640815751927],"us-code-25-3108-80189a70ec32b32b":[-0.13971623232686275,0.24073776081352882,-0.1362079028506937,0.2650502193784735,-0.09016299173532226,-0.0867454297065311,0.59012642658351,0.3176180006984009]},"embedding_cosine_similarity":0.19080376040990987,"frame_ranking_loss":0.0,"reconstruction_loss":0.32976746823650543,"sample_count":4,"symbolic_validity_penalty":0.0},"applied_count":0,"applied_updates":[],"autoencoder_claimed_count":6,"before":{"cosine_loss":0.8091962395900901,"cross_entropy_loss":4.734104030048941,"decoded_embeddings":{"us-code-12-2219d-4c93c712377e3662":[-0.28920938115530603,-0.5855842200427123,0.14078966777518095,-0.2216172164229032,-0.3084508442718715,0.05696617283444243,-0.09853302342797446,-0.1491355609043143],"us-code-15-1003-94a25e7ba0ef87b3":[0.05512947486274174,-0.1180486705777196,0.2136711728784049,-0.7998742260404942,-0.6528442066301627,0.15236202114938752,0.18612298840497282,0.5459293855247026],"us-code-19-2272-f346cf48599e7d05":[-0.11848827635446653,-0.33807605732239127,0.5650004073551319,-0.349669385310543,-0.07498522065921323,-0.3463216713453436,-0.0586055034963579,-0.08058640815751927],"us-code-25-3108-80189a70ec32b32b":[-0.13971623232686275,0.24073776081352882,-0.1362079028506937,0.2650502193784735,-0.09016299173532226,-0.0867454297065311,0.59012642658351,0.3176180006984009]},"embedding_cosine_similarity":0.19080376040990987,"frame_ranking_loss":0.0,"reconstruction_loss":0.32976746823650543,"sample_count":4,"symbolic_validity_penalty":0.0},"claimed_count":6,"claimed_open_count":6,"completed_count":0,"completed_todo_ids":[],"cosine_similarity_delta":0.0,"created_at":"2026-05-19T07:09:01+00:00","cross_entropy_delta":0.0,"failed_validation_count":6,"failed_validation_todo_ids":["0b35c56d0d528854","4b59ba6eea8e0c61","82947a36b248c702","a820eba66b7ad122","1ed71494db892af6","6396abc01a46c294"],"improved":false,"iteration":1,"loss_seeded_count":12,"pending_count":55,"program_synthesis_deduped_count":2,"program_synthesis_pending_count":9,"program_synthesis_seeded_count":2,"seeded_count":14,"validation_after":{"cosine_loss":0.8373311904395939,"cross_entropy_loss":1.2985692171195937,"decoded_embeddings":{"us-code-2-61d-2-18ba78a1027506a5":[0.0741675334613754,-0.33384725156697814,0.013481542238173841,-0.23839631977591055,-0.1768289625187928,-0.13720707304636964,0.29491672787115136,-0.20697620954370655],"us-code-42-1974b.-88d04d4cb0f32127":[-0.10903873097405517,-0.7301589877870995,0.35646307065510596,-0.4677542384237222,-0.019838961300319924,-0.018476699198242047,0.1037728823001503,0.3507984654542664],"us-code-42-254t.-400e3cf222ff93b1":[-0.338996588418536,-0.716839403712456,0.14560591418126811,-0.3017164558660354,0.33919473450558857,0.14412422275845643,-0.24729953687553288,0.3974587851282448],"us-code-42-7514.-6159413973f40028":[-0.7335524052734093,0.03324928427645502,0.4438312011460542,-0.635506356037062,-0.19015039164933434,0.12131597259778892,-0.2646873223445431,0.24450513839795832]},"embedding_cosine_similarity":0.16266880956040608,"frame_ranking_loss":0.0,"reconstruction_loss":0.3863495759873908,"sample_count":4,"symbolic_validity_penalty":0.0},"validation_before":{"cosine_loss":0.8373311904395939,"cross_entropy_loss":1.2985692171195937,"decoded_embeddings":{"us-code-2-61d-2-18ba78a1027506a5":[0.0741675334613754,-0.33384725156697814,0.013481542238173841,-0.23839631977591055,-0.1768289625187928,-0.13720707304636964,0.29491672787115136,-0.20697620954370655],"us-code-42-1974b.-88d04d4cb0f32127":[-0.10903873097405517,-0.7301589877870995,0.35646307065510596,-0.4677542384237222,-0.019838961300319924,-0.018476699198242047,0.1037728823001503,0.3507984654542664],"us-code-42-254t.-400e3cf222ff93b1":[-0.338996588418536,-0.716839403712456,0.14560591418126811,-0.3017164558660354,0.33919473450558857,0.14412422275845643,-0.24729953687553288,0.3974587851282448],"us-code-42-7514.-6159413973f40028":[-0.7335524052734093,0.03324928427645502,0.4438312011460542,-0.635506356037062,-0.19015039164933434,0.12131597259778892,-0.2646873223445431,0.24450513839795832]},"embedding_cosine_similarity":0.16266880956040608,"frame_ranking_loss":0.0,"reconstruction_loss":0.3863495759873908,"sample_count":4,"symbolic_validity_penalty":0.0},"validation_cosine_similarity_delta":0.0,"validation_cross_entropy_delta":0.0,"worker_id":"random-uscode-daemon-detached"}],"stopped_reason":"no_validated_improvement","validation_final_evaluation":{"cosine_loss":0.8373311904395939,"cross_entropy_loss":1.2985692171195937,"decoded_embeddings":{"us-code-2-61d-2-18ba78a1027506a5":[0.0741675334613754,-0.33384725156697814,0.013481542238173841,-0.23839631977591055,-0.1768289625187928,-0.13720707304636964,0.29491672787115136,-0.20697620954370655],"us-code-42-1974b.-88d04d4cb0f32127":[-0.10903873097405517,-0.7301589877870995,0.35646307065510596,-0.4677542384237222,-0.019838961300319924,-0.018476699198242047,0.1037728823001503,0.3507984654542664],"us-code-42-254t.-400e3cf222ff93b1":[-0.338996588418536,-0.716839403712456,0.14560591418126811,-0.3017164558660354,0.33919473450558857,0.14412422275845643,-0.24729953687553288,0.3974587851282448],"us-code-42-7514.-6159413973f40028":[-0.7335524052734093,0.03324928427645502,0.4438312011460542,-0.635506356037062,-0.19015039164933434,0.12131597259778892,-0.2646873223445431,0.24450513839795832]},"embedding_cosine_similarity":0.16266880956040608,"frame_ranking_loss":0.0,"reconstruction_loss":0.3863495759873908,"sample_count":4,"symbolic_validity_penalty":0.0}}
