{"final_evaluation":{"cosine_loss":0.5610263321319333,"cross_entropy_loss":4.2165097903444355,"decoded_embeddings":{"us-code-20-1103-320b576a1fbcb972":[-0.017088449707638564,-0.23234684003993147,0.7278557541560974,0.2433504420461063,-0.19227618051775405,-0.20532889010202227,-0.05356092511843595,0.08909163218848637],"us-code-30-937-f058702f2785ed46":[-0.17953928149900078,-0.40693690807114846,0.4037150880176159,-0.147406928612877,0.1672858891625554,-0.49603301273784095,0.17558529358948619,0.320454842059698],"us-code-42-1395xx.-c2992ed073329710":[0.1525576769366438,0.29359129140924656,0.4390760807791096,-0.22276387192979452,-0.6449831435753424,-0.4795928239674657,-0.4128611419058219,0.2401714872928082],"us-code-42-628a.-55b4902894e86925":[0.0753953225,-0.4584544575,-0.2868471375,0.3614685175,-0.32672573000000005,0.0999346425,-0.15985601749999998,0.3137151524999999]},"embedding_cosine_similarity":0.43897366786806674,"frame_ranking_loss":0.0,"reconstruction_loss":0.22355644954176224,"sample_count":4,"symbolic_validity_penalty":0.0},"steps":[{"after":{"cosine_loss":0.9381884792382962,"cross_entropy_loss":4.2165097903444355,"decoded_embeddings":{"us-code-20-1103-320b576a1fbcb972":[-0.21278052622233928,-0.31677881149104326,0.7375860027133826,0.3273391944625922,-0.11813524448893573,-0.14680753393572182,0.01869960638040042,-0.13424549311380396],"us-code-30-937-f058702f2785ed46":[-0.35258200536354056,-0.48509788468914644,0.419338500052687,-0.08392374865121179,0.22949044185458378,-0.4484576754162276,0.23794336614330874,0.10634161663856692],"us-code-42-1395xx.-c2992ed073329710":[-0.56347168772392,0.045586535879873546,0.3525250018440464,0.2722282972075869,-0.315313535089568,-0.1928491395679663,-0.12167968498419388,-0.28769291765015803],"us-code-42-628a.-55b4902894e86925":[-0.009225349999999993,-0.54922855,-0.17384675,0.23063394999999998,-0.34667020000000004,0.06056645,-0.15246294999999999,-0.0405321500000001]},"embedding_cosine_similarity":0.06181152076170391,"frame_ranking_loss":0.0,"reconstruction_loss":0.3697495680261549,"sample_count":4,"symbolic_validity_penalty":0.0},"applied_count":1,"applied_updates":[{"action":"improve_encoder_decoder_reconstruction","changed":["decoded_embedding"],"sample_ids":["us-code-42-628a.-55b4902894e86925"],"todo_id":"623466c06daa182c"}],"autoencoder_claimed_count":6,"before":{"cosine_loss":1.1251818940293672,"cross_entropy_loss":4.2165097903444355,"decoded_embeddings":{"us-code-20-1103-320b576a1fbcb972":[-0.24805,-0.354613,0.784684,0.272808,-0.126448,-0.163216,0.021781,-0.281894],"us-code-30-937-f058702f2785ed46":[-0.391185,-0.526508,0.470888,-0.143609,0.220392,-0.466417,0.241316,-0.055262],"us-code-42-1395xx.-c2992ed073329710":[-0.61272,-0.007243,0.41829,0.196084,-0.326921,-0.215761,-0.117377,-0.493861],"us-code-42-628a.-55b4902894e86925":[-0.139411,-0.688881,0.0,0.02935,-0.377354,0.0,-0.141089,-0.585528]},"embedding_cosine_similarity":-0.12518189402936714,"frame_ranking_loss":0.0,"reconstruction_loss":0.45297428458718747,"sample_count":4,"symbolic_validity_penalty":0.0},"claimed_count":6,"claimed_open_count":0,"completed_count":1,"completed_todo_ids":["623466c06daa182c"],"cosine_similarity_delta":0.18699341479107104,"created_at":"2026-05-19T01:51:28+00:00","cross_entropy_delta":0.0,"failed_validation_count":5,"failed_validation_todo_ids":["23be5d5e11b19609","4683f738be256a8d","672cd63f59314a50","a2aa66ef7cbd6ed3","89b13094792671ee"],"improved":true,"iteration":1,"loss_seeded_count":12,"pending_count":18,"program_synthesis_deduped_count":2,"program_synthesis_pending_count":6,"program_synthesis_seeded_count":2,"seeded_count":14,"validation_after":{"cosine_loss":0.9431662276277692,"cross_entropy_loss":7.988658266749519,"decoded_embeddings":{"us-code-11-111-42404422a26996b9":[0.009934131385669127,0.01072516649631191,0.4589463371180189,0.051209605221285565,0.00016260655426765004,0.28751769926765014,0.6410624179610116,0.6624686118703899],"us-code-42-1320a-8f6e68cbe1f7d0b2":[-0.45240826916754473,-0.01979112868282404,0.18653115785036883,0.05940644096944149,0.7394663963329821,-0.15659714701791358,0.28663356535300316,0.3860696491464699],"us-code-42-6686.-5f9ed58f53d23f56":[-0.4799585665542677,-0.23694598859852478,0.6247086951527924,0.1672258959114858,0.25168122937829296,0.14205915829293994,0.3015952948155954,0.08226672925184406],"us-code-48-1391.-52db64fd2ecacb16":[0.3162778317492097,-0.8088332138145417,-0.05279518793466806,0.42719753887249734,0.05310630469968388,0.018393309683877763,-0.22473113318229715,0.04757275023182299]},"embedding_cosine_similarity":0.05683377237223072,"frame_ranking_loss":0.0,"reconstruction_loss":0.46019411531731114,"sample_count":4,"symbolic_validity_penalty":0.0},"validation_before":{"cosine_loss":0.9624600701626097,"cross_entropy_loss":7.988658266749519,"decoded_embeddings":{"us-code-11-111-42404422a26996b9":[-0.029149,-0.0312,0.511137,-0.009218,-0.009049,0.269335,0.644477,0.498855],"us-code-42-1320a-8f6e68cbe1f7d0b2":[-0.502123,-0.073121,0.252919,-0.017459,0.727749,-0.179726,0.290977,0.177949],"us-code-42-6686.-5f9ed58f53d23f56":[-0.521607,-0.281623,0.680325,0.102832,0.241865,0.122683,0.305234,-0.092086],"us-code-48-1391.-52db64fd2ecacb16":[0.276742,-0.851244,0.0,0.36607,0.043788,0.0,-0.221277,-0.117936]},"embedding_cosine_similarity":0.03753992983739029,"frame_ranking_loss":0.0,"reconstruction_loss":0.46285537514125,"sample_count":4,"symbolic_validity_penalty":0.0},"validation_cosine_similarity_delta":0.019293842534840434,"validation_cross_entropy_delta":0.0,"worker_id":"random-uscode-daemon-detached"},{"after":{"cosine_loss":0.5610263321319333,"cross_entropy_loss":4.2165097903444355,"decoded_embeddings":{"us-code-20-1103-320b576a1fbcb972":[-0.017088449707638564,-0.23234684003993147,0.7278557541560974,0.2433504420461063,-0.19227618051775405,-0.20532889010202227,-0.05356092511843595,0.08909163218848637],"us-code-30-937-f058702f2785ed46":[-0.17953928149900078,-0.40693690807114846,0.4037150880176159,-0.147406928612877,0.1672858891625554,-0.49603301273784095,0.17558529358948619,0.320454842059698],"us-code-42-1395xx.-c2992ed073329710":[0.1525576769366438,0.29359129140924656,0.4390760807791096,-0.22276387192979452,-0.6449831435753424,-0.4795928239674657,-0.4128611419058219,0.2401714872928082],"us-code-42-628a.-55b4902894e86925":[0.0753953225,-0.4584544575,-0.2868471375,0.3614685175,-0.32672573000000005,0.0999346425,-0.15985601749999998,0.3137151524999999]},"embedding_cosine_similarity":0.43897366786806674,"frame_ranking_loss":0.0,"reconstruction_loss":0.22355644954176224,"sample_count":4,"symbolic_validity_penalty":0.0},"applied_count":3,"applied_updates":[{"action":"improve_encoder_decoder_reconstruction","changed":["decoded_embedding"],"sample_ids":["us-code-42-1395xx.-c2992ed073329710"],"todo_id":"9fe5959a47dca9fb"},{"action":"improve_encoder_decoder_reconstruction","changed":["decoded_embedding"],"sample_ids":["us-code-42-1395xx.-c2992ed073329710"],"todo_id":"d135b984b59ffcf9"},{"action":"improve_encoder_decoder_reconstruction","changed":["decoded_embedding"],"sample_ids":["us-code-42-628a.-55b4902894e86925"],"todo_id":"ff4da5f8a9326988"}],"autoencoder_claimed_count":6,"before":{"cosine_loss":0.9381884792382962,"cross_entropy_loss":4.2165097903444355,"decoded_embeddings":{"us-code-20-1103-320b576a1fbcb972":[-0.21278052622233928,-0.31677881149104326,0.7375860027133826,0.3273391944625922,-0.11813524448893573,-0.14680753393572182,0.01869960638040042,-0.13424549311380396],"us-code-30-937-f058702f2785ed46":[-0.35258200536354056,-0.48509788468914644,0.419338500052687,-0.08392374865121179,0.22949044185458378,-0.4484576754162276,0.23794336614330874,0.10634161663856692],"us-code-42-1395xx.-c2992ed073329710":[-0.56347168772392,0.045586535879873546,0.3525250018440464,0.2722282972075869,-0.315313535089568,-0.1928491395679663,-0.12167968498419388,-0.28769291765015803],