{"final_evaluation":{"cosine_loss":0.642464615975484,"cross_entropy_loss":2.0563762838877824,"decoded_embeddings":{"us-code-12-1816-c0b440c716f086be":[0.28981191191154626,-0.7554347965032282,-0.224312770484328,0.17921477409758996,-0.400394822647383,0.2654771864204438,0.17343005210540516,0.1667370715831208],"us-code-20-806-b393baca996842b5":[0.32431396012338987,0.09550759643187284,-0.13879757387914726,-0.14656379422957622,-0.08365957817591682,0.41904199894461835,0.38681297979363527,-0.5764334745043209],"us-code-22-286ff-8742ca222f85bd60":[0.17074372181388386,-0.004723091453798789,-0.030422639591928168,-0.17171355420562387,-0.263171693196562,0.3103933601662306,0.5218490729828313,0.48767368226190283],"us-code-38-1720I-3410e13660f6b6a4":[0.4630353807218852,0.11190498934521045,0.4866087325082905,0.33122939564945914,-0.28812298769122147,0.030764867361187172,-0.016346979817594864,0.058750483827447186]},"embedding_cosine_similarity":0.35753538402451596,"frame_ranking_loss":0.0,"reconstruction_loss":0.26904488005052507,"sample_count":4,"symbolic_validity_penalty":0.0},"steps":[{"after":{"cosine_loss":0.8179501472456474,"cross_entropy_loss":2.0563762838877824,"decoded_embeddings":{"us-code-12-1816-c0b440c716f086be":[0.45717807622760337,-0.5917969606651179,-0.23288027778005407,0.22182508743926713,-0.36473121415685406,0.3691434714855427,0.1767126679050865,0.19708152877718887],"us-code-20-806-b393baca996842b5":[0.32431396012338987,0.09550759643187284,-0.13879757387914726,-0.14656379422957622,-0.08365957817591682,0.41904199894461835,0.38681297979363527,-0.5764334745043209],"us-code-22-286ff-8742ca222f85bd60":[0.7048866489444368,0.5175210131480019,-0.05776552244912026,-0.0357243141624983,-0.1493526049177876,0.6412404771788163,0.5323254199735867,0.5845168957875428],"us-code-38-1720I-3410e13660f6b6a4":[0.4630353807218852,0.11190498934521045,0.4866087325082905,0.33122939564945914,-0.28812298769122147,0.030764867361187172,-0.016346979817594864,0.058750483827447186]},"embedding_cosine_similarity":0.1820498527543526,"frame_ranking_loss":0.0,"reconstruction_loss":0.37878136790381933,"sample_count":4,"symbolic_validity_penalty":0.0},"applied_count":2,"applied_updates":[{"action":"improve_encoder_decoder_reconstruction","changed":["decoded_embedding"],"sample_ids":["us-code-38-1720I-3410e13660f6b6a4"],"todo_id":"0e8cae9dc17e22c8"},{"action":"improve_encoder_decoder_reconstruction","changed":["decoded_embedding"],"sample_ids":["us-code-20-806-b393baca996842b5"],"todo_id":"52078cde658845c6"}],"autoencoder_claimed_count":6,"before":{"cosine_loss":1.1135146429703657,"cross_entropy_loss":2.0563762838877824,"decoded_embeddings":{"us-code-12-1816-c0b440c716f086be":[0.5723591726984136,-0.7193629707384809,-0.28229209526759524,0.39286090799927054,-0.3142655184951708,0.2951838118114428,0.08245928229781888,0.32498223397008835],"us-code-20-806-b393baca996842b5":[0.762986172291918,-0.2522399007003543,-0.204736434994816,0.1714970733934321,0.003008249107261593,0.22773031605834165,0.27173124539377025,-0.47361457250214056],"us-code-22-286ff-8742ca222f85bd60":[0.8191953631397091,0.39762820229733675,-0.10086565297009996,0.11782634451981502,-0.10439474075105772,0.5722299952764733,0.4506311660007143,0.6927840811717522],"us-code-38-1720I-3410e13660f6b6a4":[0.2876188164952081,0.0725229836080161,0.3550112807819854,0.6347695317683987,-0.1864135195249561,-0.009502434828942807,-0.2854700458732229,0.5142105905037648]},"embedding_cosine_similarity":-0.11351464297036562,"frame_ranking_loss":0.0,"reconstruction_loss":0.5098431550961855,"sample_count":4,"symbolic_validity_penalty":0.0},"claimed_count":6,"claimed_open_count":12,"completed_count":2,"completed_todo_ids":["0e8cae9dc17e22c8","52078cde658845c6"],"cosine_similarity_delta":0.2955644957247182,"created_at":"2026-05-19T03:10:34+00:00","cross_entropy_delta":0.0,"failed_validation_count":4,"failed_validation_todo_ids":["3fd2a48d6754d389","4f8c7f5f0763fc8a","a56ae7265a9ffc17","fcdcf8755ee75ce6"],"improved":true,"iteration":1,"loss_seeded_count":12,"pending_count":501,"program_synthesis_deduped_count":2,"program_synthesis_pending_count":3,"program_synthesis_seeded_count":2,"seeded_count":14,"validation_after":{"cosine_loss":0.9922525150943758,"cross_entropy_loss":4.1648598723117285,"decoded_embeddings":{"us-code-16-425k-3d3c7cbf648367b0":[0.5113908482486056,-0.4451090339049334,-0.0125256877934794,-0.3932207196334597,-0.17598097506236415,-0.445085358301399,0.0038320934352931435,0.32021333835772225],"us-code-16-460o-d49d9b7bd027a6b3":[0.04620451378984769,-0.21451470953149554,-0.26508111494119546,0.17700695153458393,0.010681562438065492,0.3332031889979439,-0.03757040169638626,0.8773533897360479],"us-code-42-2000ff.-5496d2b147912039":[0.22931167532509444,0.4682689186174128,-0.1437676631857473,0.07136836315842965,0.7596165956798251,0.21486562636153708,-0.04651923062768629,0.25115561832465727],"us-code-43-390h-09da0f4d7f3b0d99":[0.40195543241293286,-0.07124800888872107,-0.7969555435042889,-0.26318578410395466,0.13332355992704606,0.2170870429921605,0.3297943675556956,0.05258883238416334]},"embedding_cosine_similarity":0.0077474849056241735,"frame_ranking_loss":0.0,"reconstruction_loss":0.4865243853628088,"sample_count":4,"symbolic_validity_penalty":0.0},"validation_before":{"cosine_loss":1.0373728229298524,"cross_entropy_loss":4.1648598723117285,"decoded_embeddings":{"us-code-16-425k-3d3c7cbf648367b0":[0.6256572117314085,-0.5746628995655589,-0.06420170488182597,-0.21629937532762888,-0.12362269308435753,-0.5204214438358397,-0.09497273067629003,0.4554495607011607],"us-code-16-460o-d49d9b7bd027a6b3":[0.15815870701025303,-0.342196521435527,-0.31637493617204604,0.3521573873094071,0.06255312630496607,0.2589010846348996,-0.13569953589144002,1.0119387680421221],"us-code-42-2000ff.-5496d2b147912039":[0.32606156067151426,0.34882507094305876,-0.19615323413854746,0.24470348202124254,0.8113996784885515,0.14469791404311375,-0.1473971587162852,0.3927937322120507],"us-code-43-390h-09da0f4d7f3b0d99":[0.5163286821734623,-0.19334357838811445,-0.8419700967115681,-0.10439469161954316,0.17993846010979675,0.14664042953996453,0.24428324352469272,0.16685878264231507]},"embedding_cosine_similarity":-0.03737282292985235,"frame_ranking_loss":0.0,"reconstruction_loss":0.546496181655165,"sample_count":4,"symbolic_validity_penalty":0.0},"validation_cosine_similarity_delta":0.04512030783547652,"validation_cross_entropy_delta":0.0,"worker_id":"random-uscode-daemon-detached"},{"after":{"cosine_loss":0.642464615975484,"cross_entropy_loss":2.0563762838877824,"decoded_embeddings":{"us-code-12-1816-c0b440c716f086be":[0.28981191191154626,-0.7554347965032282,-0.224312770484328,0.17921477409758996,-0.400394822647383,0.2654771864204438,0.17343005210540516,0.1667370715831208],"us-code-20-806-b393baca996842b5":[0.32431396012338987,0.09550759643187284,-0.13879757387914726,-0.14656379422957622,-0.08365957817591682,0.41904199894461835,0.38681297979363527,-0.5764334745043209],"us-code-22-286ff-8742ca222f85bd60":[0.17074372181388386,-0.004723091453798789,-0.030422639591928168,-0.17171355420562387,-0.263171693196562,0.3103933601662306,0.5218490729828313,0.48767368226190283],"us-code-38-1720I-3410e13660f6b6a4":[0.4630353807218852,0.11190498934521045,0.4866087325082905,0.33122939564945914,-0.28812298769122147,0.030764867361187172,-0.016346979817594864,0.058750483827447186]},"embedding_cosine_similarity":0.35753538402451596,"frame_ranking_loss":0.0,"reconstruction_loss":0.26904488005052507,"sample_count":4,"symbolic_validity_penalty":0.0},"applied_count":1,"applied_updates":[{"action":"improve_encoder_decoder_reconstruction","changed":["decoded_embedding"],"sample_ids":["us-code-22-286ff-8742ca222f85bd60"],"todo_id":"6dee835aa8f999cc"}],"autoencoder_claimed_count":6,"before":{"cosine_loss":0.8179501472456474,"cross_entropy_loss":2.0563762838877824,