{"final_evaluation":{"cosine_loss":0.5239158899997016,"cross_entropy_loss":1.8062231928833867,"decoded_embeddings":{"us-code-28-639-3f6a9bd848b43a0f":[0.149269,-0.285309,0.460884,0.489445,0.49884,-0.053364,0.404664,0.170013],"us-code-28-657-46ef5fa4f2d7343c":[-0.334643,0.1056,-0.009767,-0.511369,0.608314,-0.290788,0.366023,-0.163381],"us-code-42-12623.-3bb0ba584243da4d":[-0.482246,-0.480559,0.51466,0.075859,-0.05743,0.249381,0.187279,-0.406582],"us-code-7-3171-25fb9415d0215f89":[0.077777,-0.26426,0.422516,-0.136034,0.286682,0.265061,0.622412,-0.432726]},"embedding_cosine_similarity":0.47608411000029843,"frame_ranking_loss":0.0,"reconstruction_loss":0.29898925601443754,"sample_count":4,"symbolic_validity_penalty":0.0},"steps":[{"after":{"cosine_loss":0.5239158899997016,"cross_entropy_loss":1.8062231928833867,"decoded_embeddings":{"us-code-28-639-3f6a9bd848b43a0f":[0.149269,-0.285309,0.460884,0.489445,0.49884,-0.053364,0.404664,0.170013],"us-code-28-657-46ef5fa4f2d7343c":[-0.334643,0.1056,-0.009767,-0.511369,0.608314,-0.290788,0.366023,-0.163381],"us-code-42-12623.-3bb0ba584243da4d":[-0.482246,-0.480559,0.51466,0.075859,-0.05743,0.249381,0.187279,-0.406582],"us-code-7-3171-25fb9415d0215f89":[0.077777,-0.26426,0.422516,-0.136034,0.286682,0.265061,0.622412,-0.432726]},"embedding_cosine_similarity":0.47608411000029843,"frame_ranking_loss":0.0,"reconstruction_loss":0.29898925601443754,"sample_count":4,"symbolic_validity_penalty":0.0},"applied_count":0,"applied_updates":[],"autoencoder_claimed_count":1,"before":{"cosine_loss":0.5239158899997016,"cross_entropy_loss":1.8062231928833867,"decoded_embeddings":{"us-code-28-639-3f6a9bd848b43a0f":[0.149269,-0.285309,0.460884,0.489445,0.49884,-0.053364,0.404664,0.170013],"us-code-28-657-46ef5fa4f2d7343c":[-0.334643,0.1056,-0.009767,-0.511369,0.608314,-0.290788,0.366023,-0.163381],"us-code-42-12623.-3bb0ba584243da4d":[-0.482246,-0.480559,0.51466,0.075859,-0.05743,0.249381,0.187279,-0.406582],"us-code-7-3171-25fb9415d0215f89":[0.077777,-0.26426,0.422516,-0.136034,0.286682,0.265061,0.622412,-0.432726]},"embedding_cosine_similarity":0.47608411000029843,"frame_ranking_loss":0.0,"reconstruction_loss":0.29898925601443754,"sample_count":4,"symbolic_validity_penalty":0.0},"claimed_count":1,"claimed_open_count":0,"completed_count":0,"completed_todo_ids":[],"cosine_similarity_delta":0.0,"created_at":"2026-05-19T07:20:23+00:00","cross_entropy_delta":0.0,"failed_validation_count":1,"failed_validation_todo_ids":["7b34a84d716dc7c9"],"improved":false,"iteration":1,"loss_seeded_count":12,"pending_count":15,"program_synthesis_deduped_count":0,"program_synthesis_pending_count":4,"program_synthesis_seeded_count":4,"seeded_count":16,"validation_after":{"cosine_loss":0.8778708391072442,"cross_entropy_loss":3.7680940766238935,"decoded_embeddings":{"us-code-12-632-88458309a9c26221":[-0.521815,-0.357102,0.47966,-0.17712,0.004698,-0.261858,0.476734,0.20706],"us-code-16-590j-ffac7871afd57a89":[-0.442822,-0.274753,0.146648,-0.247405,-0.001693,-0.754237,0.03844,-0.274499],"us-code-20-8091-60bd49e426415dd8":[0.259973,-0.332822,0.083856,0.0,0.416678,-0.316411,0.33002,-0.657238],"us-code-8-1713-bbd78bcb109af834":[-0.018159,-0.43236,0.439672,-0.138286,0.676969,-0.087179,0.347893,0.11569]},"embedding_cosine_similarity":0.1221291608927558,"frame_ranking_loss":0.0,"reconstruction_loss":0.37815065070281245,"sample_count":4,"symbolic_validity_penalty":0.0},"validation_before":{"cosine_loss":0.8778708391072442,"cross_entropy_loss":3.7680940766238935,"decoded_embeddings":{"us-code-12-632-88458309a9c26221":[-0.521815,-0.357102,0.47966,-0.17712,0.004698,-0.261858,0.476734,0.20706],"us-code-16-590j-ffac7871afd57a89":[-0.442822,-0.274753,0.146648,-0.247405,-0.001693,-0.754237,0.03844,-0.274499],"us-code-20-8091-60bd49e426415dd8":[0.259973,-0.332822,0.083856,0.0,0.416678,-0.316411,0.33002,-0.657238],"us-code-8-1713-bbd78bcb109af834":[-0.018159,-0.43236,0.439672,-0.138286,0.676969,-0.087179,0.347893,0.11569]},"embedding_cosine_similarity":0.1221291608927558,"frame_ranking_loss":0.0,"reconstruction_loss":0.37815065070281245,"sample_count":4,"symbolic_validity_penalty":0.0},"validation_cosine_similarity_delta":0.0,"validation_cross_entropy_delta":0.0,"worker_id":"random-uscode-daemon-detached"}],"stopped_reason":"no_validated_improvement","validation_final_evaluation":{"cosine_loss":0.8778708391072442,"cross_entropy_loss":3.7680940766238935,"decoded_embeddings":{"us-code-12-632-88458309a9c26221":[-0.521815,-0.357102,0.47966,-0.17712,0.004698,-0.261858,0.476734,0.20706],"us-code-16-590j-ffac7871afd57a89":[-0.442822,-0.274753,0.146648,-0.247405,-0.001693,-0.754237,0.03844,-0.274499],"us-code-20-8091-60bd49e426415dd8":[0.259973,-0.332822,0.083856,0.0,0.416678,-0.316411,0.33002,-0.657238],"us-code-8-1713-bbd78bcb109af834":[-0.018159,-0.43236,0.439672,-0.138286,0.676969,-0.087179,0.347893,0.11569]},"embedding_cosine_similarity":0.1221291608927558,"frame_ranking_loss":0.0,"reconstruction_loss":0.37815065070281245,"sample_count":4,"symbolic_validity_penalty":0.0}}
