{"final_evaluation":{"cosine_loss":0.9522757381758055,"cross_entropy_loss":1.0666717705834585,"decoded_embeddings":{"us-code-18-2233-ee88be17d0c51761":[-0.008327963835012706,-0.3714640054883668,-0.26981956383468003,-0.0700551555589991,0.2970335849070517,0.48760518768928596,0.6806578726782363,-0.12505683934545786],"us-code-20-888-9088542f47a22f56":[0.07979694988050176,-0.09801339291413447,0.0680936346976401,0.24396924314964846,0.04679773256326212,-0.7007553652209342,0.5418541884062057,0.0016914679107346842],"us-code-22-3649-f991a9b1c373d11a":[0.03311008837259201,0.32878010336798147,-0.30398417774899744,0.10488108583856445,-0.07434619691956099,0.45175874668409044,-0.2427858313358821,-0.6365480909240824],"us-code-50-2736.-7d020c287985eabd":[-0.32283540874988514,0.21720064231915912,0.09673221458742445,-0.858315807305041,0.18166970102683494,0.0705338410762348,-0.13863496821988874,0.37819788466628323]},"embedding_cosine_similarity":0.04772426182419451,"frame_ranking_loss":0.0,"reconstruction_loss":0.44015044949585536,"sample_count":4,"symbolic_validity_penalty":0.0},"steps":[{"after":{"cosine_loss":0.9522757381758055,"cross_entropy_loss":1.0666717705834585,"decoded_embeddings":{"us-code-18-2233-ee88be17d0c51761":[-0.008327963835012706,-0.3714640054883668,-0.26981956383468003,-0.0700551555589991,0.2970335849070517,0.48760518768928596,0.6806578726782363,-0.12505683934545786],"us-code-20-888-9088542f47a22f56":[0.07979694988050176,-0.09801339291413447,0.0680936346976401,0.24396924314964846,0.04679773256326212,-0.7007553652209342,0.5418541884062057,0.0016914679107346842],"us-code-22-3649-f991a9b1c373d11a":[0.03311008837259201,0.32878010336798147,-0.30398417774899744,0.10488108583856445,-0.07434619691956099,0.45175874668409044,-0.2427858313358821,-0.6365480909240824],"us-code-50-2736.-7d020c287985eabd":[-0.32283540874988514,0.21720064231915912,0.09673221458742445,-0.858315807305041,0.18166970102683494,0.0705338410762348,-0.13863496821988874,0.37819788466628323]},"embedding_cosine_similarity":0.04772426182419451,"frame_ranking_loss":0.0,"reconstruction_loss":0.44015044949585536,"sample_count":4,"symbolic_validity_penalty":0.0},"applied_count":0,"applied_updates":[],"autoencoder_claimed_count":5,"before":{"cosine_loss":0.9522757381758055,"cross_entropy_loss":1.0666717705834585,"decoded_embeddings":{"us-code-18-2233-ee88be17d0c51761":[-0.008327963835012706,-0.3714640054883668,-0.26981956383468003,-0.0700551555589991,0.2970335849070517,0.48760518768928596,0.6806578726782363,-0.12505683934545786],"us-code-20-888-9088542f47a22f56":[0.07979694988050176,-0.09801339291413447,0.0680936346976401,0.24396924314964846,0.04679773256326212,-0.7007553652209342,0.5418541884062057,0.0016914679107346842],"us-code-22-3649-f991a9b1c373d11a":[0.03311008837259201,0.32878010336798147,-0.30398417774899744,0.10488108583856445,-0.07434619691956099,0.45175874668409044,-0.2427858313358821,-0.6365480909240824],"us-code-50-2736.-7d020c287985eabd":[-0.32283540874988514,0.21720064231915912,0.09673221458742445,-0.858315807305041,0.18166970102683494,0.0705338410762348,-0.13863496821988874,0.37819788466628323]},"embedding_cosine_similarity":0.04772426182419451,"frame_ranking_loss":0.0,"reconstruction_loss":0.44015044949585536,"sample_count":4,"symbolic_validity_penalty":0.0},"claimed_count":5,"claimed_open_count":6,"completed_count":0,"completed_todo_ids":[],"cosine_similarity_delta":0.0,"created_at":"2026-05-18T20:16:12+00:00","cross_entropy_delta":0.0,"failed_validation_count":5,"failed_validation_todo_ids":["76c6aa05f33c7720","9033c51740154911","a39275717832002e","f46d3e140243f6cc","e00e39342d5f7559"],"improved":false,"iteration":1,"loss_seeded_count":12,"pending_count":102,"program_synthesis_pending_count":9,"program_synthesis_seeded_count":2,"seeded_count":14,"validation_after":{"cosine_loss":0.9744958697414899,"cross_entropy_loss":1.5131933073354649,"decoded_embeddings":{"us-code-29-3342-11a37ab1d5826a2d":[-0.17888969905823865,0.05208930686744767,0.061805300858115614,0.13167785145270416,-0.09790458080593624,-0.1118802729748164,0.39489771897940734,-0.7428086800172558],"us-code-30-1304-68a1198734b9e485":[-0.32671180438802844,-0.24047946562874145,-0.47957866521396797,-0.14712293960790285,0.23026029485668054,-0.2914535543957211,0.7680950144469664,0.2989612756793365],"us-code-36-70511-be5e87f4a50c4ff1":[-0.289051776242935,-0.3600936627977047,0.011839866535677174,0.014291021625959879,-0.04153242561849496,-0.44967675003148994,0.26162672789078495,-0.4596863840569807],"us-code-50-3350a.-a4866dc4a0541c23":[-0.43367928650596593,0.1308529865877137,0.41950645739180087,0.29763088580761404,-0.4934867277784746,0.02898228367298062,-0.40472057482238866,-0.006064874830269684]},"embedding_cosine_similarity":0.02550413025851007,"frame_ranking_loss":0.0,"reconstruction_loss":0.43055383776733347,"sample_count":4,"symbolic_validity_penalty":0.0},"validation_before":{"cosine_loss":0.9744958697414899,"cross_entropy_loss":1.5131933073354649,"decoded_embeddings":{"us-code-29-3342-11a37ab1d5826a2d":[-0.17888969905823865,0.05208930686744767,0.061805300858115614,0.13167785145270416,-0.09790458080593624,-0.1118802729748164,0.39489771897940734,-0.7428086800172558],"us-code-30-1304-68a1198734b9e485":[-0.32671180438802844,-0.24047946562874145,-0.47957866521396797,-0.14712293960790285,0.23026029485668054,-0.2914535543957211,0.7680950144469664,0.2989612756793365],"us-code-36-70511-be5e87f4a50c4ff1":[-0.289051776242935,-0.3600936627977047,0.011839866535677174,0.014291021625959879,-0.04153242561849496,-0.44967675003148994,0.26162672789078495,-0.4596863840569807],"us-code-50-3350a.-a4866dc4a0541c23":[-0.43367928650596593,0.1308529865877137,0.41950645739180087,0.29763088580761404,-0.4934867277784746,0.02898228367298062,-0.40472057482238866,-0.006064874830269684]},"embedding_cosine_similarity":0.02550413025851007,"frame_ranking_loss":0.0,"reconstruction_loss":0.43055383776733347,"sample_count":4,"symbolic_validity_penalty":0.0},"validation_cosine_similarity_delta":0.0,"validation_cross_entropy_delta":0.0,"worker_id":"random-uscode-daemon-detached"}],"stopped_reason":"no_validated_improvement","validation_final_evaluation":{"cosine_loss":0.9744958697414899,"cross_entropy_loss":1.5131933073354649,"decoded_embeddings":{"us-code-29-3342-11a37ab1d5826a2d":[-0.17888969905823865,0.05208930686744767,0.061805300858115614,0.13167785145270416,-0.09790458080593624,-0.1118802729748164,0.39489771897940734,-0.7428086800172558],"us-code-30-1304-68a1198734b9e485":[-0.32671180438802844,-0.24047946562874145,-0.47957866521396797,-0.14712293960790285,0.23026029485668054,-0.2914535543957211,0.7680950144469664,0.2989612756793365],"us-code-36-70511-be5e87f4a50c4ff1":[-0.289051776242935,-0.3600936627977047,0.011839866535677174,0.014291021625959879,-0.04153242561849496,-0.44967675003148994,0.26162672789078495,-0.4596863840569807],"us-code-50-3350a.-a4866dc4a0541c23":[-0.43367928650596593,0.1308529865877137,0.41950645739180087,0.29763088580761404,-0.4934867277784746,0.02898228367298062,-0.40472057482238866,-0.006064874830269684]},"embedding_cosine_similarity":0.02550413025851007,"frame_ranking_loss":0.0,"reconstruction_loss":0.43055383776733347,"sample_count":4,"symbolic_validity_penalty":0.0}}
